elapsed_s,simulation_s,world_x,world_y
0.1912918410000657,2.173,-1.8002494007059278,0.4000000001696022
0.2924325440001212,2.275,-1.8002371324967976,0.4000000001718829
0.39445981300013955,2.377,-1.8002544456950527,0.40000000017257603
0.4967904330001147,2.479,-1.8003359047807779,0.4000000001774663
0.6858786689999761,2.579,-1.8003083867441914,0.4000000001817299
0.7867144540000481,2.766,-1.8003332121952924,0.4000000001835397
0.8888204669999595,2.867,-1.800374770378877,0.40000000019053156
0.9907712510000692,2.9690000000000003,-1.8003630804666775,0.40000000019310755
1.0928440019999925,3.071,-1.8003809655247716,0.4000000001938449
1.1946707060001245,3.173,-1.8004250997357443,0.4000000002002402
1.2983167180000237,3.276,-1.8004135459599204,0.40000000020302345
1.399775462999969,3.378,-1.800431821246359,0.4000000002037935
1.501862955999968,3.48,-1.8004601389755455,0.4000000002107529
1.6040500560000055,3.582,-1.8004567754213145,0.40000000021287274
1.705721659000119,3.684,-1.800496934460941,0.4000000002120621
1.8383364910000637,3.714,-1.8005008260010829,0.4000000002200261
1.9404711869999574,3.801,-1.8004895289068952,0.4000000002226627
2.047412101999953,3.923,-1.8005121014203516,0.40000000022056686
2.1571512650000386,4.036,-1.8005217340422954,0.4000000002325874
2.2619482190000326,4.181,-1.800557060502315,0.4000000002385598
2.3778583089999756,4.325,-1.8005534293871854,0.4000000002419835
2.4880156619999525,4.478,-1.8005683132409946,0.4000000002501998
2.5966702709999936,4.601,-1.8005887950866888,0.4000000002570405
2.697988529999975,4.734,-1.8006054291384317,0.40000000026285426
2.799982753999984,4.88,-1.8006136589617787,0.40000000026983634
2.9038951219999944,5.001,-1.8006217646232219,0.40000000027577254
3.015657013000009,5.146,-1.8006247532579611,0.4000000002820741
3.118256067999937,5.272,-1.8006322616387949,0.4000000002894565
3.231907498000055,5.401,-1.8006340930592457,0.40000000029264693
3.332647834999989,5.532,-1.8006340930592457,0.40000000029264693
3.436599668000099,5.677,-1.8006340930592457,0.40000000029264693
3.541827805000139,5.801,-1.8006340930592457,0.40000000029264693
3.6536214420000306,5.954,-1.8006340930592457,0.40000000029264693
3.7683109290001084,6.101,-1.8006340930592457,0.40000000029264693
3.87251805599999,6.223,-1.8006340930592457,0.40000000029264693
3.982571268000129,6.379,-1.8006340930592457,0.40000000029264693
4.097429394000073,6.527,-1.8006340930592457,0.40000000029264693
4.207126705000064,6.648,-1.8006340930592457,0.40000000029264693
4.309678691000045,6.78,-1.8006340930592457,0.40000000029264693
4.425847362000013,6.921,-1.8006340930592457,0.40000000029264693
4.5283570290000625,7.064,-1.8006340930592457,0.40000000029264693
4.63969037600009,7.201,-1.8006340930592457,0.40000000029264693
4.753485404999992,7.325,-1.8006340930592457,0.40000000029264693
4.864780325000083,7.481,-1.8006340930592457,0.40000000029264693
4.980829240000048,7.626,-1.8006340930592457,0.40000000029264693
5.089011701000118,7.775,-1.8006340930592457,0.40000000029264693
5.19277116100011,7.895,-1.8006340930592457,0.40000000029264693
5.304005864000146,8.025,-1.8006340930592457,0.40000000029264693
5.413635462999991,8.178,-1.8006340930592457,0.40000000029264693
5.514144721000093,8.301,-1.8006340930592457,0.40000000029264693
5.627346202000126,8.452,-1.8006340930592457,0.40000000029264693
5.746180960999936,8.601,-1.8006340930592457,0.40000000029264693
5.859559366999974,8.75,-1.8006340930592457,0.40000000029264693
5.971492659999967,8.898,-1.8006340930592457,0.40000000029264693
6.081274524000037,9.023,-1.8006340930592457,0.40000000029264693
6.192910964000021,9.178,-1.8006340930592457,0.40000000029264693
6.304785753000033,9.31,-1.799265299901099,0.39999652994565926
6.406850447000124,9.452,-1.7828620317239532,0.39978174045369175
6.514958626999942,9.6,-1.7623658371561286,0.39916848056260806
6.620486674999938,9.724,-1.7447643073223922,0.3984233506733633
6.721585912000137,9.863,-1.7247857582800497,0.39741328978398466
6.823686561999921,9.999,-1.7050718948406645,0.396280177619042
6.929520268000033,10.123,-1.6870554304840564,0.39514120624151494
7.03136157300014,10.249,-1.6686308060015431,0.393891663282464
7.133479828999953,10.392,-1.6476970090512846,0.3923781031541325
7.239568526000085,10.524000000000001,-1.6281642344723894,0.3909227953369219
7.340493138000056,10.656,-1.6088669081935572,0.3894145347216251
7.444905238000047,10.799,-1.587769593779712,0.387689051500757
7.551577811000016,10.924,-1.5691492215064862,0.38613865661209573
7.652788757000053,11.055,-1.5495955168338544,0.3845035643220969
7.755493504000015,11.186,-1.5301661420388493,0.38287645091942213
7.861207750999938,11.303,-1.5129902247615528,0.38146954460979243
7.962462807000065,11.439,-1.492789848024145,0.37985151345275847
8.063716203000013,11.573,-1.4728590523588636,0.37827260251584194
8.166200075000006,11.676,-1.4574956997478827,0.37706277251040177
8.269468813999993,11.782,-1.4418365135651166,0.3758437384530709
8.3709965380001,11.914,-1.4222811701059925,0.37435541601074573
8.473750124999924,12.056,-1.401356422505969,0.3727992622741487
8.58645572699993,12.201,-1.3798172779663602,0.3712163691361864
8.69999196799995,12.35,-1.3578298616792448,0.3696189192394974
8.802114041000095,12.486,-1.337694111358265,0.368178681681199
8.904947402000062,12.609,-1.3196229261778292,0.36691361472008976
9.015475999000046,12.751,-1.2989476810661753,0.36553590043261486
9.117085537000094,12.881,-1.2801772914465075,0.36438817186106
9.230831744999932,13.001,-1.2627731256271681,0.36340679495904393
9.333266711000078,13.136,-1.2431278410545066,0.36239907433014484
9.435918340999933,13.278,-1.2221594582888133,0.36139397793374206
9.542624688999922,13.411,-1.2026945502368416,0.36051260643230326
9.644547028000034,13.548,-1.1828261646433043,0.3597110916002256
9.746013774999938,13.684,-1.162543866883237,0.3589534972330447
9.853749432000086,13.825,-1.1416531931399339,0.35819865451678384
9.962224458000037,13.972,-1.1200404648998108,0.3574217438850267
10.067991523000046,14.101,-1.1008763956136587,0.3567675092136614
10.170517020000034,14.232,-1.081444217316925,0.3561446239224756
10.277823689000115,14.372,-1.0605861582450278,0.3554974853857392
10.381998954999972,14.501,-1.0414353495986726,0.35492830129982156
10.483145143000002,14.636,-1.0214521967977908,0.3543315580624865
10.58919855399995,14.746,-1.0054564923593592,0.3538954651546596
10.691989153000122,14.881,-0.9853898553579744,0.3534084500302139
10.792419025000072,15.001,-0.9675620169678923,0.3529679226216429
10.90245485000014,15.145,-0.9462724418963506,0.3523942740680373
11.005026117999932,15.286,-0.9253401567475468,0.3518055229403869
11.116849033000108,15.424,-0.90505103489388,0.3512417951084758
11.218544857000097,15.554,-0.8861146921068785,0.35078689597878954
11.334061669999983,15.682,-0.8673779281202405,0.3504175114841474
11.443201939000119,15.816,-0.847473446072314,0.3500637279967688
11.548307450000038,15.941,-0.8291597535876691,0.3497272590519771
11.656714222000119,16.071,-0.8097402315804612,0.349402977102611
11.761272312000074,16.201,-0.7903425361892727,0.34906897231694345
11.86347729299996,16.328,-0.7714999791745497,0.3487320328538512
11.975158534999991,16.474,-0.750107799829503,0.3484066382978672
12.081097088999968,16.601,-0.731252408243838,0.3481541216978645
12.183051791000025,16.741,-0.7105107131238406,0.3479098175567466
12.2855905240001,16.875,-0.6905181066059695,0.3476906321274511
12.39443072500012,17.001,-0.6719480802127626,0.3474497060251579
12.49643864299992,17.132,-0.6524493693933915,0.3471958688780495
12.605138761000035,17.27,-0.6318037989102407,0.34691625002011656
12.707582399000103,17.398,-0.6127407039843082,0.34667477416685144
12.8104965120001,17.51,-0.5959853785203689,0.34646488569672024
12.911624265,17.631,-0.5779360582793784,0.3462338485891916
13.013586335000127,17.762,-0.5588055361982012,0.34602911901292194
13.119930450000084,17.894,-0.5391599415872469,0.3458510405501171
13.22631047599998,18.024,-0.5197654237823588,0.3456509133858099
13.32811403200003,18.153,-0.5005094194780701,0.3454347756027641
13.430296240999951,18.288,-0.48054273557435895,0.34522044625066267
13.536658042,18.41,-0.4627825993703755,0.34508314520092576
13.64229097800012,18.547,-0.4426188624538217,0.34501392459674407
13.744112172000087,18.683,-0.4223520450835934,0.34492481290024235
13.85031409499993,18.81,-0.4035152534298497,0.34483308844389143
13.959340741000005,18.949,-0.38300006328081804,0.34478252528633285
14.061516149,19.084,-0.3628033287097586,0.344761280627832
14.167420948999961,19.206,-0.3446963266280052,0.34473906465629023
14.269693522000125,19.327,-0.3268536099857914,0.3447519678022016
14.37253421100013,19.451,-0.30863267578803855,0.3448136895535905
14.474451317000103,19.577,-0.28987280915217034,0.34491557927947125
14.577481613000145,19.701,-0.2715845520662263,0.3450462726181303
14.679362409000078,19.833,-0.2522907267977522,0.34512855461711645
14.784397700999989,19.973,-0.23141831364470136,0.3452212830843671
14.888189590000138,20.101,-0.2123329888513483,0.3453276090215871
14.990981513999941,20.23,-0.1931541984714308,0.345448551463627
15.098925848000135,20.371,-0.17211332091298348,0.3456128650565274
15.20075841500011,20.498,-0.15316005367311095,0.34577128004567514
15.304611916000113,20.601,-0.1378306875377261,0.34591576791504025
15.406321955000067,20.738,-0.11739425400373214,0.3461260523519807
15.507901756000138,20.877,-0.09663063674192379,0.346357369179787
15.609748113000023,21.001,-0.07808759761482224,0.3465681149906124
15.711453380999956,21.133,-0.05844037691084315,0.3467795190622295
15.822360859000128,21.273,-0.0375220876623429,0.34701966858406436
15.924957913000071,21.4,-0.018580592859483658,0.3472498117058993
16.029572873999996,21.524,-7.424508355146481e-05,0.34748903472024234
16.13145005299998,21.664,0.02087181348921408,0.34775673537972296
16.233556504000035,21.796,0.04056306154038605,0.3480050499905857
16.342684242000132,21.924,0.05965872891215473,0.34825666796084265
16.443155080999986,22.056,0.07932637798279242,0.3485029817892389
16.550749578000023,22.195,0.10004066486910312,0.34870214854658416
16.656505845000083,22.322,0.12085378157971945,0.34855789045815877
16.758085862000144,22.456,0.14132005327213948,0.34761803585839773
16.86095463400011,22.6,0.16324565581247688,0.3456193133175329
16.966591680999954,22.726,0.18233618651817854,0.34303349957744983
17.0693273280001,22.851,0.20115534275182623,0.339700741793894
17.173732206000068,22.978,0.21452396673309448,0.3367116913729681
17.297147975000144,23.101,0.2241899790130097,0.3338112092248048
17.397406674999957,23.228,0.23425699422051524,0.3298906049190019
17.49985249600013,23.351,0.24572328977096944,0.32455914926104323
17.605972212000097,23.475,0.25932183592962665,0.3175596752966536
17.712859922000007,23.598,0.27384369725981705,0.30967382953539313
17.82864680700004,23.701,0.2856901184754907,0.3029669022943725
17.934357668000075,23.827,0.29973202022357703,0.29463310490563793
18.038575822999974,23.951,0.3130929271957597,0.2862342896229208
18.144217239,24.078,0.3260742285104036,0.27753523641195343
18.267709173999947,24.201,0.33816919535824896,0.2688479842702927
18.380930145000093,24.324,0.3497980167450281,0.25986398643395603
18.493339915999968,24.449,0.36143598811222144,0.2502120073712349
18.603039269999954,24.572,0.3725867780433454,0.24031571920968006
18.73513264500002,24.701,0.38397355464415195,0.2295143999695473
18.83985394299998,24.825,0.3944112273738674,0.21889746102049637
18.95019077300003,24.948,0.4044725391177821,0.2079368401137466
19.057383281000057,25.074,0.4144108390602614,0.19635085410915118
19.165626172999964,25.196,0.42372495967535795,0.18473754606609535
19.283757773999923,25.301,0.43142744373248615,0.17453116022670484
19.39556629399999,25.426,0.44012300248132835,0.1622269742409889
19.506469874999993,25.548000000000002,0.4483380454977875,0.1497384436531833
19.62040261700008,25.675,0.4563508230861018,0.13665073908604808
19.73014249200014,25.79,0.4631602837987722,0.12464235023966393
19.832418809000046,25.892,0.4688416796741657,0.11386224357705292
19.933535893999988,25.992,0.4740889554926104,0.10316639118792746
20.05119963700008,26.101,0.47941650267665,0.09141174352776603
20.158513171000095,26.224,0.4849582205686687,0.0779660325137723
20.264885238000033,26.349,0.49007584078061456,0.06412273954918785
20.369253350999998,26.474,0.4946777651983161,0.05008214608022513
20.47397441399994,26.596,0.49867446462958376,0.036193093692454596
20.591031016999978,26.701,0.5017028199326019,0.024161484506895196
20.703467993999993,26.825,0.5047845397131229,0.009861341602139539
20.810468149000144,26.946,0.5072636314934603,-0.004132425972440049
20.92295707800008,27.074,0.5091105162346045,-0.01784620711664399
21.02930229200001,27.196,0.5099224330879313,-0.029374910774681108
21.133911679999983,27.325,0.5100473086426862,-0.04229736542320448
21.244393187000014,27.477,0.5089743636951346,-0.06208455092107747
21.352013252999996,27.611,0.5069262372586011,-0.08246975955874337
21.46561468599998,27.748,0.503919952273997,-0.10319934910713092
21.57514314900004,27.872,0.5004085452575358,-0.12183044679998906
21.683979722999993,27.999,0.49603978405049015,-0.14075033647298432
21.804644478,28.101,0.4919699551498604,-0.15580568060090408
21.919844267000144,28.225,0.48635607571617745,-0.17391457529122117
22.026720948000047,28.342,0.4803964355113966,-0.1907816371324113
22.131870534999962,28.447,0.47450736911712027,-0.2057169047243971
22.242802071000142,28.571,0.4669036680573735,-0.2230844430091631
22.35682768200013,28.694,0.4586784266175885,-0.23999655827436817
22.482623913999987,28.801,0.4509801417438303,-0.25443231296604113
22.594914388999996,28.924,0.44151908164756204,-0.2706853914725601
22.711162005000006,29.049,0.43124879694331447,-0.28680336246789007
22.819405248000066,29.171,0.420603932156484,-0.302121142385314
22.930155852000098,29.299,0.4087943322088947,-0.3177269675820739
23.047662912000078,29.401,0.39892675443710024,-0.32980412433875406
23.1550503630001,29.525,0.3864019736216664,-0.344037095403249
23.26961585999993,29.646,0.3736389105687557,-0.35743007076651634
23.381379830000014,29.775,0.3594653802163394,-0.3711460119493822
23.512124980999943,29.901,0.3450801670508392,-0.38396010084846693
23.6220339890001,30.026,0.3303043300949148,-0.39608210633822505
23.726463292000062,30.146,0.31566903833864746,-0.4071475106297051
23.83783640799993,30.273,0.3050505081483655,-0.4146659614437625
23.949495020000086,30.399,0.30213411377339716,-0.4171487494406103
24.07860216600011,30.501,0.30399810040503594,-0.41604008803195164
24.188516661999984,30.626,0.3046788748965871,-0.4154732970323246
24.297751923000078,30.746,0.3051762920334119,-0.41498445718901866
24.409261089999973,30.872,0.3056560408768503,-0.41443126924003554
24.538817508999955,31.001,0.30609881189689847,-0.41382632626939286
24.65081829299993,31.126,0.30647824227015125,-0.41320685418300357
24.763758861000042,31.249,0.3068014932757868,-0.41256929370239803
24.877988924999954,31.368,0.3070649805716839,-0.4119298599191432
24.991430403000095,31.496,0.3072925174869197,-0.4112216410562445
25.109322266999925,31.601,0.30743485175085267,-0.4106282034453664
25.216385833999993,31.725,0.3075505405877583,-0.40991690405195674
25.330218438999964,31.846,0.30760805846244604,-0.4092160366879874
25.43351771300013,31.987000000000002,0.3076056237292189,-0.4083966521729519
25.548080614000128,32.127,0.30752927636418337,-0.40758665684218387
25.65138476700008,32.249,0.3074031512722265,-0.40688892080668543
25.757477509999944,32.375,0.3072154967722871,-0.40618109127471985
25.88440424700002,32.501,0.3069707612331777,-0.40549091272966514
25.99052316999996,32.627,0.30667057360870675,-0.40482297996444755
26.100398738999957,32.75,0.3063259558375492,-0.40419666402953175
26.204805465999925,32.874,0.30592919235924304,-0.4035950369924913
26.334989339000003,33.001,0.30547414162433184,-0.40301389076876826
26.447455242999922,33.124,0.30498934211870954,-0.40248853154286823
26.560461436999958,33.245,0.3044731480330436,-0.4020110070334273
26.673038670000096,33.364,0.30395856202719657,-0.4016239612731357
26.781859060999977,33.465,0.30664995469562123,-0.40426454467828365
26.901406135000116,33.591,0.3189532497509889,-0.4119111921187616
27.01924682999993,33.701,0.32985248328797717,-0.4180744178400503
27.12952747700001,33.826,0.34182883519793766,-0.4242820455810716
27.23740600500014,33.95,0.3537826270852472,-0.4298434887968859
27.344543521000105,34.075,0.36620555320949244,-0.4349870872994894
27.468112832000088,34.201,0.3791995111120158,-0.4397434158939494
27.570322683000086,34.327,0.39264240354019114,-0.4440709289259365
27.68011740299994,34.448,0.40592732845976975,-0.4478188693457285
27.788488581000138,34.576,0.4206081993641108,-0.45143967621346637
27.892997379999997,34.699,0.4347696869975153,-0.454439939636889
28.003440173999934,34.801,0.4468844647074208,-0.4566577211305252
28.109774774000016,34.926,0.4621646909411663,-0.45905630149412446
28.215238150000005,35.047,0.47763025414020843,-0.4611185677125331
28.32858122300013,35.172,0.49370660707018243,-0.4629217017212442
28.445173309999973,35.301,0.510876949294312,-0.4645201280795233
28.546925414000043,35.435,0.5289817830301459,-0.46591541233449907
28.65070731500009,35.574,0.5479283703887367,-0.46707517183882125
28.760263967000128,35.701,0.5654542007161724,-0.467907001912794
28.861949555000137,35.833,0.5840714905418201,-0.4685904528484212
28.966830644000083,35.977,0.6045539497705832,-0.4691584812913902
29.0808435670001,36.124,0.6255233555373609,-0.46955983811702157
29.18273861600005,36.259,0.6449186149004139,-0.46977656156043923
29.291363262000004,36.397,0.6646547204450176,-0.46985307275549476
29.398636658999976,36.524,0.6831235688929193,-0.46980488783939583
29.500383404000104,36.656,0.7023372820174767,-0.46967408386539156
29.606513416000098,36.798,0.723571671013921,-0.4694733983880472
29.708982274999926,36.928,0.7423344447735598,-0.46926735101217976
29.811315730999922,37.05,0.7602339159289825,-0.468945879039147
29.91496944100004,37.194,0.7817267534998249,-0.46853842797913964
30.016271553000024,37.325,0.8012367306357953,-0.4681465482531664
30.118040455000028,37.461,0.8211770357662472,-0.4677257649147714
30.231830529000035,37.601,0.8419425457022391,-0.46726185352576655
30.342677377999962,37.747,0.8634611029732624,-0.4668508136264692
30.44430796300003,37.884,0.8838043531492372,-0.46651383048768114
30.5485461830001,38.009,0.9023554639896966,-0.46625011237880676
30.65539701900002,38.149,0.9231947884500843,-0.46597527387374743
30.75647153800014,38.282,0.9428362329301033,-0.4657529225943017
30.860632959999975,38.41,0.9616071871347931,-0.46550130459182926
30.966595288999997,38.548,0.9820201982350307,-0.4651771374206983
31.068965186000014,38.68,1.001396206587854,-0.46481042304915504
31.175590291999924,38.809,1.020634447206828,-0.46440557509775615
31.2829853610001,38.948,1.0412654124269092,-0.46398212691068913
31.386451755000053,39.086,1.0619081774590162,-0.46358793706146506
31.488296265000145,39.207,1.0799025123119579,-0.46324059628217784
31.592913339999996,39.349,1.1007660776051642,-0.46278473691854194
31.695028830999945,39.481,1.1204816403074342,-0.46230922167583904
31.797499084000037,39.595,1.137531776024189,-0.46189518947564573
31.91226811499996,39.747,1.160084573623538,-0.46135535024002366
32.014281427000014,39.877,1.1794308102699755,-0.46088553389996034
32.12581661200011,40.003,1.1981146769930369,-0.46044279460587345
32.22820780100005,40.137,1.2177780693756661,-0.46005891950756983
32.33087824900008,40.271,1.2376398385655212,-0.45971622568149334
32.43237801800001,40.391,1.2554794166045045,-0.4594119147834886
32.53472330699992,40.507,1.2727320423334092,-0.45913324678455425
32.636095707000095,40.635,1.2916534348535147,-0.4588568169883329
32.74114382500011,40.772,1.311945780823926,-0.4585974871115743
32.84819195399996,40.901,1.3309031171671575,-0.4583917618880679
32.95070100399994,41.036,1.3510750217683172,-0.45820994842153173
33.05579351799997,41.173,1.3714450168972165,-0.4580452841220122
33.16571548799993,41.301,1.3904053676528711,-0.4578881063056375
33.26975087999995,41.43,1.4093045604107097,-0.4577810608053856
33.3779881370001,41.573,1.4305288880608487,-0.45772081737758785
33.479542433999995,41.695,1.448756370235276,-0.457664811905729
33.59051646900002,41.824,1.4679582736028156,-0.4576289452638633
33.69247197699997,41.958,1.4875536618372065,-0.45758477668607456
33.79979144899994,42.093,1.5077139507326103,-0.457503021006875
33.90294168600008,42.21,1.5251746399538144,-0.45743984167565443
34.01039809400004,42.346,1.5452249890261602,-0.4574075099465603
34.11246588500012,42.473,1.564202959087242,-0.4574197355054573
34.217667750000146,42.601,1.5832523320775858,-0.4574228922586957
34.31939784800011,42.731,1.6026472834784233,-0.4573982612309369
34.42829798399998,42.871,1.6233881561180612,-0.4573874967133914
34.537642272000085,43.001,1.64268069693887,-0.4573891512154884
34.639779568999984,43.131,1.6618836135549335,-0.45743261735809315
34.74973210100006,43.271,1.6825744106887097,-0.45749633104304616
34.85329951500012,43.401,1.7018925187341063,-0.45752897153167915
34.95521878699992,43.536,1.7218716911483898,-0.45751726964187245
35.05849170600004,43.665,1.7409876786801657,-0.4574703887858976
35.17576533800002,43.791,1.7597834121479432,-0.45740052850472035
35.27821960699998,43.905,1.7768190173673846,-0.4573446718129397
35.382186604000026,44.03,1.7954435235226345,-0.4572796858988745
35.483300321000115,44.163,1.8152147087798238,-0.4572023947283977
35.584666728,44.295,1.8348457420160111,-0.45716202775834963
35.68710511300014,44.416,1.852903703903039,-0.457131271172164
35.79063522499996,44.539,1.871110812346206,-0.4570742270726836
35.89271176600005,44.644,1.8867672275385732,-0.45700156778205
35.99417630200014,44.775,1.9061343334477547,-0.4569270922619918
36.097484527999995,44.901,1.9249078055036448,-0.4568674335314713
36.205633084000056,45.052,1.9472829130810059,-0.45680027789882044
36.31477910700005,45.2,1.9692330187718041,-0.4567328277251587
36.419838104000064,45.324,1.9875830421727614,-0.456665793312723
36.52207927900008,45.463,2.0081410311332664,-0.4565422486950125
36.63080991800007,45.601,2.0286022256222185,-0.4563804623250694
36.73301265500004,45.734,2.048273642848142,-0.45625606644056005
36.836022733999926,45.875,2.0690366917908065,-0.4561890906961722
36.938092723999944,46.002,2.087851674000945,-0.4561778027183685
37.04833928900007,46.151,2.109985035727333,-0.456162443561198
37.15798833400004,46.299,2.132128168764506,-0.4561727677759917
37.26239020799994,46.425,2.1509365818611785,-0.45618214848297645
37.37229878099993,46.575,2.173159510010567,-0.45615697930610954
37.47552351100012,46.701,2.191949694984301,-0.4561100687012437
37.57700354899998,46.832,2.211393824125238,-0.4560336940339802
37.682875835000004,46.972,2.2321966990232793,-0.4559178071860103
37.78834664100009,47.101,2.251476583868102,-0.45578871340579186
37.89037791700002,47.237,2.271855134801822,-0.45564736529094035
37.9953075200001,47.366,2.2910615715559395,-0.4555013569294884
38.09987613299995,47.501,2.3112600725289125,-0.45533292671653797
38.20109937899997,47.625,2.3297733824367244,-0.4551795743641085
38.31039402600004,47.775,2.3521563661461977,-0.4549896306034422
38.41423963600005,47.901,2.3709605551599044,-0.4548258624190044
38.51620321199994,48.034,2.3908663042620453,-0.4546412670637208
38.62140266100005,48.174,2.4118080362790537,-0.45444286487883967
38.72333895399993,48.303,2.4309120433252773,-0.4542348110359863
38.824546779,48.435,2.4506024411297993,-0.4539913387781994
38.92860773899997,48.573,2.471204172916344,-0.45372430397412544
39.032114243000024,48.701,2.490694006785775,-0.4534292462831397
39.137210331999995,48.824,2.511494870612978,-0.4533552858109631
39.238578766000046,48.961,2.5324629581279483,-0.4540396966979311
39.347016535999956,49.101,2.553803746751562,-0.45569709997299407
39.45657957200001,49.251,2.5765600165481044,-0.45854427894933303
39.557659677999936,49.379,2.594995708591364,-0.46168086766455
39.661659953000026,49.499,2.6068562615467097,-0.46430100122536794
39.7728351400001,49.601,2.6147919843938423,-0.46661766816905365
39.8862081740001,49.725,2.624632830236359,-0.47027464074249764
40.001492697,49.843,2.6356408745142583,-0.4751599334370183
40.10560966999992,49.946,2.6469932018582285,-0.4807150396590234
40.22011329099996,50.07,2.661586980560622,-0.4882648675452011
40.34983403399997,50.201,2.677047544601806,-0.49663726162513605
40.46041482999999,50.326,2.6911902246633814,-0.5046914490446086
40.56933288100004,50.444,2.704023283623113,-0.5124228114067627
40.68445881799994,50.572,2.7174086945685048,-0.5210145347416599
40.81493197000009,50.701,2.730623861212371,-0.5300851145093082
40.92325423000011,50.827,2.743048673762019,-0.5392050152632426
41.03119718300013,50.951,2.75503258424732,-0.548619108169781
41.139788599999974,51.077,2.7664951980381707,-0.5582682974582293
41.270473750000065,51.201,2.7775848317356178,-0.5682994235346986
41.38000540400003,51.326,2.7883927470694196,-0.5787668251409273
41.48744154700012,51.449,2.798660349310853,-0.5894255992627262
41.59453148500006,51.571,2.8086024764205644,-0.6004543132049042
41.70320800500008,51.699,2.8185094444008496,-0.6122213531100832
41.81686465100006,51.801,2.826059197591449,-0.6218098806697636
41.928946963000044,51.925,2.835008496238305,-0.6339367048904913
42.04192626500003,52.05,2.8435999318958394,-0.646412527717322
42.147922507999965,52.178,2.851926826374184,-0.6594476485212574
42.270165532999954,52.301,2.8594337698853582,-0.6721388587750492
42.38144308699998,52.425,2.866532668762818,-0.6851907903459796
42.49153155800013,52.544,2.872919768170463,-0.6979281855033674
42.60618092599998,52.672,2.879325858548491,-0.7119041680548964
42.72125357999994,52.794,2.8848423794323654,-0.7251815897866886
42.83808996400012,52.901,2.8892386551856992,-0.736924867032081
42.942950483000004,53.026,2.8938975202746073,-0.7508200198955461
43.05099210399999,53.15,2.898032832416958,-0.7649281228826685
43.15446984899995,53.274,2.901699189002955,-0.7792881988023472
43.267467429000135,53.398,2.9047720314592067,-0.7935015423876322
43.38388734599994,53.501,2.9069150294866604,-0.8053882205289769
43.48958952900011,53.626,2.9089491949692916,-0.8195712511105931
43.5992477960001,53.747,2.9099604426454158,-0.8310880408904741
43.70151667899995,53.888,2.9102569463565606,-0.8450844231959622
43.80589924800006,54.01,2.9097305274576306,-0.8593343335794381
43.911996974999965,54.142,2.9081267815522422,-0.8794526106826162
44.01456871000005,54.278,2.9055767204680705,-0.9000892306756536
44.11943315799999,54.396,2.9026297119688245,-0.9178887637223897
44.22675386500009,54.501,2.8994372098335663,-0.9336225274984681
44.34077125099998,54.624,2.8950197069343218,-0.9519025715799685
44.45352301499997,54.747,2.8898776931953893,-0.9699921822538483
44.56418310000004,54.869,2.8840698206534277,-0.9877183277799425
44.67614592199993,54.994,2.8773976580500276,-1.0056278239186307
44.7802202150001,55.101,2.871114382965645,-1.020733289243182
44.8849449920001,55.226,2.863116623143101,-1.0380913885418217
44.9886559250001,55.348,2.8546395764249155,-1.0547072615040307
45.09826004299998,55.474,2.845202704874389,-1.0715025004362957
45.21094409700004,55.585,2.836327547809141,-1.085968653715373
45.31856441900004,55.687,2.8277183529034593,-1.0989728290312595
45.42133554299994,55.768,2.8205785370634953,-1.1090927382920166
45.524305841000114,55.867,2.8114954507407393,-1.1212017639830256
45.65341379999995,56.001,2.7985921164186185,-1.1371157589448413
45.75958138500005,56.126,2.7859434358305553,-1.151443305948591
45.86752814300007,56.252,2.7726172566213143,-1.1653554415771465
45.97530211499998,56.375,2.7590714254709976,-1.178400947349342
46.10566160500002,56.501,2.744667829252511,-1.1911943694240348
46.215405763000035,56.626,2.729874603309147,-1.203295147946551
46.321411017999935,56.748,2.714975649103725,-1.2145187526316545
46.434209251000084,56.871,2.70469233680782,-1.2217599677500963
46.545028985000044,56.987,2.7016133177566837,-1.2242785739898707
46.65852200400013,57.101,2.703491174983528,-1.2232073897130844
46.76552768500005,57.226,2.7041724268260734,-1.2226419232597978
46.874950807000005,57.345,2.704666584874564,-1.2221580540198569
46.985116195000046,57.468,2.7051365989763663,-1.2216194934189972
47.085389963000125,57.57,2.705492845928436,-1.2211456478774814
47.194607270999995,57.697,2.705891432118358,-1.2205244770337307
47.30858348400011,57.801,2.706178926239944,-1.2199927757012947
47.42218470500006,57.925,2.706473979553649,-1.219335311940137
47.532834515000104,58.051,2.706718774011777,-1.2186451863193832
47.63761453200004,58.172,2.7048533343578196,-1.2241659480158888
47.74934649900001,58.297,2.702276157897188,-1.2369124099865743
47.863725967999926,58.401,2.700468004720743,-1.2479532335976482
47.96989359200006,58.524,2.698688804871346,-1.262336758430762
48.08260972800008,58.646,2.697351837010262,-1.2767916916256739
48.190115343000116,58.791,2.696316813611587,-1.294208289090235
48.29139590800014,58.925,2.6958319121225096,-1.310977131113818
48.3929014790001,59.058,2.6957506075174695,-1.328410355777285
48.495676069999945,59.199,2.6960116006910537,-1.3475820757494337
48.59744142900013,59.328,2.6964840441979447,-1.3655223512927326
48.70492597700013,59.475,2.6972468352064802,-1.3869093800242005
48.80622444100004,59.601,2.6979995927636553,-1.4039997013582932
48.91480676600008,59.747,2.6991697020912526,-1.4237466001127261
49.01724037400004,59.878,2.70051578121798,-1.4415452648358507
49.122422412000105,60.001,2.7020136075367875,-1.4584435944238747
49.231760334,60.15,2.7040868056336627,-1.4787026475122076
49.33546639600013,60.272,2.7060334517568148,-1.4953133469445237
49.456169732000035,60.397,2.7082471923754885,-1.51237618107281
49.570701651000036,60.525,2.710733242100094,-1.5298046976404143
49.68155167200007,60.647,2.7133308982183166,-1.5465821526369643
49.79318933700006,60.77,2.7161194543086338,-1.5634047365881505
49.90220406399999,60.895,2.719145318761127,-1.5804855912971125
50.01824299000009,61.001,2.7218637164670088,-1.5949226438711586
50.12579579299995,61.125,2.7252758991899753,-1.6121151887766318
50.238155882,61.248,2.728826209261588,-1.6293782918578725
50.346958474000076,61.374,2.733338216282384,-1.6496994634671571
50.45581704699998,61.496,2.736753857392889,-1.668502524548135
50.569275022000056,61.601,2.739044449311184,-1.684392671377871
50.67321212799993,61.725,2.7410519043984074,-1.7032452077114997
50.78275450299998,61.878,2.7424832263674137,-1.7265936547997913
50.890551538999944,62.016,2.7427807747626165,-1.7476908753931601
50.99221418100001,62.153,2.742143481146387,-1.7686276276513333
51.10054277300014,62.299,2.7404428935579808,-1.7908849988149198
51.20221440699993,62.427,2.7380878544155514,-1.8103133919952537
51.30600272400011,62.549,2.7350955627459257,-1.8287251790934889
51.40956528100014,62.676,2.7312105717116117,-1.847750298339385
51.51549322599999,62.799,2.7267052559045597,-1.8660088982367837
51.623946426999964,62.901,2.7229069649267164,-1.8793484432578538
51.72837360199992,63.025,2.7191862578297576,-1.890288251852765
51.83602990999998,63.15,2.7151840808371346,-1.8995601740205277
51.939186557000085,63.273,2.710558681185917,-1.9083162744251327
52.049655052999924,63.398,2.704176458929847,-1.9184977946818116
52.158765322000136,63.501,2.697780593640105,-1.927671792846731
52.27075154399995,63.626,2.6887531530539013,-1.9396462394443008
52.38206710500003,63.747,2.6793991530786765,-1.951264158430141
52.49786872499999,63.873,2.6693316830905056,-1.9630010769073292
52.615574066000136,63.994,2.659286400582997,-1.97399399817503
52.73082874700003,64.101,2.650178789750253,-1.983404174633754
52.846095547999994,64.225,2.6394201107710376,-1.9938512645286481
52.95396133500003,64.35,2.6282918794527435,-2.003940318178134
53.06159187100002,64.473,2.6169296430918547,-2.0135512403901132
53.17535484500013,64.597,2.605129965890555,-2.0228830954569723
53.29082638,64.701,2.5950502087942486,-2.0303530893535453
53.399314154999956,64.825,2.582756517530507,-2.03888595846045
53.507657664000135,64.949,2.5703000758570576,-2.0469055762477244
53.61967507899999,65.071,2.557655559181184,-2.0544396796551205
53.73635856999999,65.192,2.5448994138771064,-2.0614763482188274
53.85745603200007,65.301,2.533224985829485,-2.0674307956744085
53.96817971600012,65.424,2.519831582415278,-2.0737358899602802
54.08276829400006,65.548,2.5061444366539156,-2.0796065497166163
54.1916040640001,65.665,2.4931320135347543,-2.084672232393241
54.31024138199996,65.796,2.478607404924939,-2.0897160575905303
54.42512843999998,65.901,2.466873060940747,-2.093323595135809
54.52952415999994,66.025,2.4528975333882674,-2.0970747580711575
54.63947578900002,66.147,2.439146555284749,-2.100203757462871
54.74966285100004,66.268,2.4255216857257103,-2.1027371784982347
54.867315597000015,66.397,2.4113728135583203,-2.104732062875576
54.979794631000004,66.501,2.4014236984691415,-2.1056148699664945
55.08144096000001,66.633,2.388374619491306,-2.1059811586997825
55.186622570000054,66.771,2.369791889716811,-2.1054290576549244
55.28890724300004,66.899,2.350271779472599,-2.1040240653670876
55.39417572499997,67.023,2.331432861133226,-2.101892636646418
55.49939535599992,67.15,2.312242867923385,-2.098927419484634
55.604767835000075,67.273,2.293788663476745,-2.0953057196167677
55.71728311200013,67.397,2.275345325646574,-2.090913563085213
55.830076039000005,67.501,2.2600229350319823,-2.086661252066865
55.93814374900012,67.626,2.241809132570019,-2.0808711544038134
56.046747633999985,67.746,2.224558021462948,-2.0746234681041513
56.15594440600012,67.876,2.2061587662693123,-2.067104382508739
56.263288067000076,67.989,2.1904347859161963,-2.0599443151707297
56.3850001620001,68.101,2.1751188002720534,-2.0522845968081653
56.49731038799996,68.224,2.1586309721216494,-2.043238838243698
56.61351633000004,68.347,2.142516478976326,-2.033543616395343
56.724496916000135,68.475,2.12617084334282,-2.0227812451633236
56.83870403500009,68.594,2.1113866221912865,-2.012175838729614
56.95509390799998,68.701,2.0984509098212274,-2.0021597552458825
57.06251404699992,68.824,2.084020166710741,-1.990100408145631
57.17357842799993,68.949,2.0698586808975166,-1.9772660774958497
57.28250853000009,69.074,2.0562282394985423,-1.9638691027399826
57.39477187600005,69.196,2.043458372176309,-1.9502720946049372
57.50227675500014,69.301,2.032905232645765,-1.9381735420029516
57.61481288999994,69.425,2.0209809888859156,-1.9234337777396218
57.72633421599994,69.545,2.010013825445529,-1.9087247239795389
57.84063631699996,69.674,2.0024604233561716,-1.8978407527043857
57.97929650800006,69.801,2.000090911440214,-1.8948750497454847
58.09449691000009,69.925,2.0014071643883535,-1.8969234885982709
58.20662010900014,70.046,2.001868928863689,-1.8974672153013257
58.31556772099998,70.174,2.0023947261719925,-1.8979934198142128
58.420400782000115,70.291,2.0029119618845197,-1.8984348016452184
58.546364237000034,70.401,2.003427436521268,-1.898812946639196
58.65149977100009,70.501,2.003918349578298,-1.8991240842703805
58.75483462600005,70.628,2.004569083057603,-1.8994723294230598
58.85692558100004,70.753,2.0052353899048247,-1.8997617360010315
58.96101192700007,70.878,2.0059229245271055,-1.8999963034695315
59.068108147999965,70.998,2.0061350361928314,-1.899747317648079
59.17544706300009,71.101,1.998293362328219,-1.8981063329854106
59.28229473600004,71.225,1.9850082597713767,-1.896350202729355
59.39219291099994,71.351,1.9702268656399653,-1.8949801907962966
59.502358934000085,71.499,1.9518318398708123,-1.8938579151118646
59.604384925999966,71.627,1.935354493950636,-1.893293610521344
59.71260861299993,71.775,1.9155588992966146,-1.8930156925953583
59.8159676140001,71.901,1.898751188704524,-1.8930822731968933
59.91852061700001,72.029,1.8815478601459206,-1.8934312446904487
60.02687565800011,72.17,1.8619417083574956,-1.8941203265003081
60.12944513899993,72.301,1.8434572878538023,-1.8949764899158965
60.23101889899999,72.436,1.8241604533598401,-1.8960070489272227
60.33253233400001,72.579,1.8035600350388925,-1.8972663534908953
60.43379307100008,72.701,1.7858255356990682,-1.8984434850856098
60.54656816700003,72.848,1.7645832878334375,-1.8999524551744886
60.64853585900005,72.986,1.7442333790959716,-1.901499171400723
60.760367806999966,73.123,1.7239207941674444,-1.9030749802018272
60.86121002599998,73.258,1.70415453682347,-1.9046534097856207
60.96661486300013,73.398,1.6836683548406801,-1.906286137037613
61.06693727900006,73.523,1.6654650618352853,-1.9076562586141101
61.16819284300004,73.661,1.6450867468678778,-1.9091060636469017
61.27584155599993,73.794,1.6253495073875903,-1.9105212652755243
61.390614956000036,73.952,1.601839778531293,-1.9121835346101668
61.50473106499999,74.101,1.5797355997644162,-1.9137262113158617
61.606844077000005,74.236,1.559923312853253,-1.9150437295382532
61.70979843300006,74.371,1.5398190517836936,-1.916333247123504
61.81818488099998,74.501,1.5204582314595851,-1.9175571257347424
61.92037250800013,74.637,1.5004448288766732,-1.9187953677269514
62.02305376100003,74.772,1.480656543888626,-1.919931765926325
62.12544140499995,74.903,1.4615757068771187,-1.9209405109777957
62.23590426999999,75.049,1.440146300097555,-1.9219700051810025
62.33831594499998,75.181,1.4204088337784349,-1.9228770562381194
62.441674123999974,75.315,1.4004994395255252,-1.9237810937034534
62.54604958300001,75.449,1.3807803644438932,-1.9246195164158117
62.6478121990001,75.587,1.3601910257024195,-1.9254546055321102
62.75919774800013,75.725,1.3397364578259263,-1.926250736967904
62.860484341000074,75.861,1.3195579087767668,-1.9269965204887516
62.967489331000024,76.0,1.2989574588764399,-1.927719430357468
63.0697100970001,76.124,1.2805361480731954,-1.928370691089321
63.17208870600007,76.262,1.259966414862059,-1.929075097750565
63.28149798000004,76.401,1.2393075178088782,-1.9297592743621323
63.383932762000086,76.535,1.2193958598190442,-1.9304333626795926
63.48619248499995,76.676,1.1983758767586297,-1.9311551405143486
63.59313443500014,76.811,1.1783728917638439,-1.9318397955686168
63.69590816699997,76.95,1.1578435077908327,-1.9325932661418295
63.79765483599999,77.089,1.1375418240121513,-1.9332677898858721
63.90677165000011,77.224,1.1176127048770281,-1.9338558444487675
64.01689117299998,77.375,1.0953616670675617,-1.9344372873545317
64.12028754700009,77.501,1.076600646386474,-1.9349048258270025
64.22229666900012,77.63,1.0574607908400275,-1.9353631751911882
64.33062292800014,77.775,1.035953160411348,-1.935907128047668
64.43449232900002,77.908,1.0161855586443695,-1.9364131208723343
64.5434208050001,78.046,0.9959480321143432,-1.9368652914495794
64.6455294320001,78.183,0.9757007133371679,-1.9372389467571032
64.7511958980001,78.312,0.9563845586344758,-1.9375737163508981
64.85823930600009,78.45,0.9360191597002152,-1.937910692088109
64.95842857299999,78.582,0.9164324015137756,-1.9381776852608277
65.06492133000006,78.701,0.8990319068086494,-1.938365651695906
65.16660429400008,78.833,0.8794165992540819,-1.9385898831013415
65.26998117900007,78.975,0.8585449469108947,-1.9388744980690442
65.37361503700004,79.101,0.839752605521017,-1.9391539202717427
65.47593974200004,79.232,0.8203012281815344,-1.9394180651470012
65.58152884300011,79.373,0.7992463556445517,-1.9396720253442958
65.68615885100007,79.501,0.7801905766089036,-1.9399139019072829
65.79690080199998,79.646,0.7584991589638977,-1.940182263863586
65.89984445699997,79.78,0.7385352471696378,-1.9404189613667515
66.00555835099999,79.911,0.7190968707822076,-1.9406140190421883
66.11103361599999,80.048,0.6986890957345856,-1.9407855605268567
66.2132472180001,80.187,0.678083758638693,-1.9409200405616063
66.31756171999996,80.313,0.6595105671689682,-1.9410059891487086
66.42351391200009,80.45,0.6394409659255667,-1.9409963656340947
66.5253560000001,80.587,0.619102428860489,-1.9409330848250856
66.6275709250001,80.71,0.6007692586936422,-1.9408469782206523
66.73205965000011,80.849,0.5800881370478187,-1.9407575203050766
66.83287560400004,80.987,0.5596091625131933,-1.9406847053083718
66.94103704200006,81.111,0.5414641196317911,-1.9406758698552165
67.04928384300001,81.247,0.5214140754201015,-1.9407197669937841
67.15084495700012,81.388,0.5004233478663721,-1.9408103142486413
67.25760129700006,81.524,0.480365476681684,-1.940867091349548
67.3596941610001,81.659,0.4603077545662272,-1.940870792940812
67.46566656899995,81.8,0.4394997801426551,-1.9408356913480949
67.56574366099994,81.929,0.4201646390817375,-1.9407775388069528
67.67073253000012,82.077,0.39814251746541857,-1.9407245200387222
67.77430169500008,82.201,0.3798004095981389,-1.9407072590434133
67.87564356799999,82.337,0.35982169518062956,-1.9407515343896433
67.97777720499994,82.48,0.33854575446550444,-1.940850139475712
68.08531867900001,82.613,0.3188102924078003,-1.940939101718027
68.18813259500007,82.75,0.29859095781646905,-1.940962976270043
68.28923689199996,82.881,0.2791590495958286,-1.940939369068469
68.39680851899993,83.009,0.26013867362879645,-1.9408856347472752
68.5015988780001,83.148,0.23978285699837834,-1.9408074211550328
68.60353448000001,83.278,0.22042757825201512,-1.9407597901121092
68.71068672599995,83.416,0.19996844552727294,-1.940693959124718
68.81226439500006,83.554,0.1795732919391292,-1.9406717983126263
68.92447640499995,83.7,0.15797049375546993,-1.9406981930694158
69.03178588300011,83.825,0.13935607990145873,-1.940758345614388
69.14139854199993,83.977,0.11661920925771627,-1.9408364199815855
69.2507653350001,84.115,0.09599919308952139,-1.9409118877397311
69.35259041199993,84.252,0.0757032120763721,-1.940980757705053
69.46831453200002,84.401,0.05380892326936711,-1.9410496375649562
69.57749886800002,84.549,0.03203940456834639,-1.9411504921008391
69.67905569799996,84.687,0.0116978405453783,-1.9412075414859455
69.7833695280001,84.814,-0.007327831356967425,-1.941275786932891
69.88565301199992,84.953,-0.028074393027250188,-1.9413598725478378
70.00468664999994,85.101,-0.050115249051212,-1.941463021667354
70.10649107199993,85.238,-0.07050149708380317,-1.941519769073576
70.20706591199996,85.377,-0.09120126450633619,-1.9415582291713476
70.31675735900012,85.509,-0.11073926297699946,-1.9415573251171911
70.42179877700005,85.648,-0.1311578720744201,-1.9415194274638385
70.52401275000011,85.785,-0.1514769476427602,-1.941522876495232
70.62699804199997,85.916,-0.17074965146999185,-1.941566206854491
70.72936880800012,86.051,-0.19074923670407246,-1.9416758183488592
70.84407690600005,86.201,-0.21306678942152102,-1.9418260629750288
70.95386904600014,86.35,-0.23521128882797335,-1.941964011918626
71.06584610300001,86.501,-0.25758101893126917,-1.9421379441292774
71.17564840699993,86.65,-0.2797988657204143,-1.9423538655515893
71.28980808699998,86.801,-0.30185730768434604,-1.9425228601569402
71.3917609340001,86.935,-0.3217314214486743,-1.9426594371128816
71.49409122199995,87.076,-0.34276667830449253,-1.942779993666658
71.602388195,87.219,-0.36411150762232913,-1.9428787858008498
71.70453617900012,87.358,-0.3849156499727028,-1.9429630434768377
71.80931978000012,87.499,-0.40590417273991036,-1.943056546278531
71.91129240400005,87.628,-0.42502028353392113,-1.9431609681376614
72.01656326400007,87.779,-0.4474790987597312,-1.9432435860536503
72.12993278800013,87.925,-0.46920949419526525,-1.9433282774840654
72.23837641699993,88.077,-0.4918574435530272,-1.9433920881690214
72.34067156200013,88.201,-0.5103067729101489,-1.943422932886545
72.44846867499996,88.351,-0.5325649133047897,-1.9434101635630014
72.56083541299995,88.497,-0.5542441171057554,-1.9433647608840026
72.66790223800012,88.623,-0.5729045111218868,-1.9433406661117367
72.76964080300013,88.752,-0.5920874621260559,-1.9432874488388796
72.88376345100005,88.894,-0.6128145152946864,-1.9431708787194817
72.99091713400003,89.023,-0.631899810346597,-1.9430676354431067
73.09181961700006,89.16,-0.6520362566863375,-1.943005308208069
73.1973973040001,89.287,-0.6709285656754482,-1.9429911176996324
73.30409544899999,89.424,-0.691279018369739,-1.9429488237348571
73.40552748000005,89.564,-0.7119350044823766,-1.9428630785074843
73.50787976400011,89.697,-0.7315873895124108,-1.9427247175173097
73.61043977400004,89.825,-0.7506605814040064,-1.9426025042023305
73.71251722200009,89.969,-0.7721606881924511,-1.942475312099778
73.81886731899999,90.101,-0.7918317726838605,-1.942370507752989
73.92110712900012,90.236,-0.8117740953256073,-1.9422903563371938
74.02414382100005,90.37,-0.8315303784303376,-1.9421654517912792
74.1323136850001,90.501,-0.8507559637218314,-1.9420627118892462
74.23523332200011,90.628,-0.8696414750360694,-1.942001636114217
74.3373570660001,90.76,-0.8892968539854849,-1.9419453431503062
74.44140350700013,90.896,-0.9094769626274111,-1.9418536780577418
74.54315279100001,91.009,-0.9262898527478953,-1.9417741399634152
74.65017512899999,91.146,-0.9464816781691809,-1.9416656733416735
74.75251249999997,91.268,-0.964525593802096,-1.9416085468740303
74.85999834900008,91.394,-0.9833015000523994,-1.9415768671391396
74.974268467,91.536,-1.0045393763337342,-1.9415569337228629
75.08095142100001,91.67,-1.0244962755819722,-1.9415473774400482
75.1855125300001,91.8,-1.0438298870035054,-1.941560590270985
75.29108105699993,91.92,-1.0616407288981733,-1.9415936779294354
75.39353930100015,92.062,-1.0827536977523218,-1.9416181340428884
75.50163943400003,92.193,-1.102266754194188,-1.9416646147699692
75.6162908440001,92.331,-1.1228551319654512,-1.9417151818422675
75.72448772400003,92.467,-1.1429410031221554,-1.94175873240241
75.83144745799996,92.598,-1.1623595640297908,-1.9418409446046303
75.9463265500001,92.733,-1.1822973841744997,-1.9419659375016216
76.05170535499997,92.869,-1.2023906805258286,-1.9421097559705347
76.15937321000001,92.994,-1.2209933233350503,-1.9422062076688054
76.27397627300002,93.122,-1.240019625897513,-1.9423066122256027
76.37623593000012,93.241,-1.257605336678922,-1.9423634412155835
76.47841676000007,93.369,-1.2767692973609652,-1.9424098009641648
76.58002129700003,93.496,-1.2957449705716553,-1.9424464443784224
76.68302893400005,93.624,-1.3149216348573345,-1.9424805784158794
76.78532639000014,93.769,-1.336362597668304,-1.9425046780435256
76.88822840700004,93.889,-1.3538483957281089,-1.94254433368077
76.9912768910001,94.024,-1.3740144891741821,-1.9426317835585525
77.09333057399999,94.151,-1.392941635947555,-1.9427256017885488
77.19581031899997,94.266,-1.4099623100964034,-1.9428031400540304
77.30021701200008,94.38,-1.4270038382000805,-1.9428683683065306
77.40279289599994,94.506,-1.4458143212484214,-1.942943264077268
77.50454043400009,94.645,-1.4664388281465512,-1.9429934375930813
77.60608527399995,94.78,-1.4865237925538892,-1.9430022008254797
77.7111988040001,94.911,-1.5059799434670793,-1.9430040028585973
77.81587373100001,95.047,-1.5258299737957663,-1.9430696021658915
77.91927566100003,95.177,-1.5451156477240569,-1.9431921840323922
78.02539045100002,95.301,-1.56331247177617,-1.9433645302303002
78.12718774400014,95.429,-1.5822493233237394,-1.9435807835691299
78.22940209800004,95.543,-1.5991872542678178,-1.9438015618466682
78.33456794400013,95.648,-1.6147057338022008,-1.9439798448217411
78.43651375600007,95.773,-1.6332824754105686,-1.9441579241240188
78.53913676599996,95.901,-1.6522781411899834,-1.944338128437617
78.64098035999996,96.037,-1.6723142239845368,-1.9444860712322518
78.74735792399997,96.172,-1.6924719718199452,-1.94464552394521
78.849856112,96.302,-1.7116573621529991,-1.9447734531249081
78.95817037899997,96.447,-1.7330196313291333,-1.944912333919514
79.05960965999998,96.583,-1.7532943156331033,-1.9449986476247978
79.17125763100012,96.71,-1.7722534818095,-1.9450874837239611
79.28087830999993,96.847,-1.792709488478765,-1.9451968472017913
79.31492458699995,96.896,-1.800035393705984,-1.945234678178614
