angle_rad,range_m
0.0,
0.01749303564429283,
0.03498607128858566,
0.052479106932878494,
0.06997214257717133,
0.08746517822146416,
0.10495821386575699,
0.12245124951004982,
0.13994428515434265,
0.15743732079863548,
0.17493035644292831,
0.19242339208722115,
0.20991642773151398,
0.2274094633758068,
0.24490249902009964,
0.26239553466439247,
0.2798885703086853,
0.29738160595297813,
0.31487464159727097,
0.3323676772415638,
0.34986071288585663,
0.36735374853014946,
0.3848467841744423,
0.4023398198187351,
0.41983285546302795,
0.4373258911073208,
0.4548189267516136,
0.47231196239590645,
0.4898049980401993,
0.5072980336844921,
0.5247910693287849,
0.5422841049730778,
0.5597771406173706,
0.5772701762616634,
0.5947632119059563,
0.6122562475502491,
0.6297492831945419,
0.6472423188388348,
0.6647353544831276,
0.6822283901274204,
0.6997214257717133,
0.7172144614160061,
0.7347074970602989,
0.7522005327045918,
0.7696935683488846,
0.7871866039931774,
0.8046796396374702,
0.8221726752817631,0.7799555063247681
0.8396657109260559,0.7565270662307739
0.8571587465703487,0.7626067996025085
0.8746517822146416,0.7343747615814209
0.8921448178589344,0.7200691103935242
0.9096378535032272,0.691900372505188
0.9271308891475201,0.7103102207183838
0.9446239247918129,0.6969963312149048
0.9621169604361057,0.6843241453170776
0.9796099960803986,0.6738936305046082
0.9971030317246914,0.6562625765800476
1.0145960673689842,0.6605710983276367
1.032089103013277,0.6575955152511597
1.0495821386575699,0.6309629082679749
1.0670751743018627,0.63065505027771
1.0845682099461555,0.6207947134971619
1.1020612455904484,0.6371999979019165
1.1195542812347412,0.6427077651023865
1.137047316879034,0.6088539958000183
1.1545403525233269,0.5852077603340149
1.1720333881676197,0.592329204082489
1.1895264238119125,0.5976266860961914
1.2070194594562054,0.5910115838050842
1.2245124951004982,0.5826793909072876
1.242005530744791,0.5565440058708191
1.2594985663890839,0.584578812122345
1.2769916020333767,0.5757696032524109
1.2944846376776695,0.5659574866294861
1.3119776733219624,0.5826373100280762
1.3294707089662552,0.5573197603225708
1.346963744610548,0.5613993406295776
1.3644567802548409,0.5588151812553406
1.3819498158991337,0.5466010570526123
1.3994428515434265,0.553337812423706
1.4169358871877193,0.5491363406181335
1.4344289228320122,0.542199969291687
1.451921958476305,0.5349626541137695
1.4694149941205978,0.5527806878089905
1.4869080297648907,0.5499751567840576
1.5044010654091835,0.5584264397621155
1.5218941010534763,0.5647181272506714
1.5393871366977692,0.5326119065284729
1.556880172342062,0.5382536053657532
1.5743732079863548,0.5455605387687683
1.5918662436306477,0.5444959402084351
1.6093592792749405,0.5543473362922668
1.6268523149192333,0.5377429127693176
1.6443453505635262,0.53806072473526
1.661838386207819,0.5308316946029663
1.6793314218521118,0.5497949123382568
1.6968244574964046,0.5489655137062073
1.7143174931406975,0.5501273274421692
1.7318105287849903,0.5184279680252075
1.7493035644292831,0.5355600714683533
1.766796600073576,0.5555664896965027
1.7842896357178688,0.5548076033592224
1.8017826713621616,0.5500056147575378
1.8192757070064545,0.5509579181671143
1.8367687426507473,0.5458319187164307
1.8542617782950401,0.5640484094619751
1.871754813939333,0.5546317100524902
1.8892478495836258,0.557590126991272
1.9067408852279186,0.5678516626358032
1.9242339208722115,0.5671298503875732
1.9417269565165043,0.5837123394012451
1.9592199921607971,0.5630238652229309
1.97671302780509,0.5690137147903442
1.9942060634493828,0.5924733877182007
2.0116990990936756,0.5868134498596191
2.0291921347379684,0.5767348408699036
2.0466851703822613,0.5747942328453064
2.064178206026554,0.5982604026794434
2.081671241670847,0.5923847556114197
2.0991642773151398,0.6052806973457336
2.1166573129594326,0.609687328338623
2.1341503486037254,0.6321976780891418
2.1516433842480183,0.6387133002281189
2.169136419892311,0.6224804520606995
2.186629455536604,0.6476379036903381
2.2041224911808968,0.6396970748901367
2.2216155268251896,0.6503739953041077
2.2391085624694824,0.6360148787498474
2.2566015981137753,0.6451333165168762
2.274094633758068,0.6668218970298767
2.291587669402361,0.6824613809585571
2.3090807050466537,0.6941321492195129
2.3265737406909466,0.7049984931945801
2.3440667763352394,0.7287823557853699
2.3615598119795322,0.7197850942611694
2.379052847623825,0.7311725616455078
2.396545883268118,0.7260390520095825
2.4140389189124107,0.7630783319473267
2.4315319545567036,0.7537617683410645
2.4490249902009964,0.7839932441711426
2.4665180258452892,0.7895419597625732
2.484011061489582,0.8276376724243164
2.501504097133875,0.8441734313964844
2.5189971327781677,0.8809444308280945
2.5364901684224606,0.8725548386573792
2.5539832040667534,0.8968389630317688
2.571476239711046,0.9015080332756042
2.588969275355339,0.9428980946540833
2.606462310999632,0.9646192193031311
2.6239553466439247,1.00050687789917
2.6414483822882175,1.0200297832489014
2.6589414179325104,1.0650192499160767
2.676434453576803,1.0701279640197754
2.693927489221096,1.9547940492630005
2.711420524865389,2.010014057159424
2.7289135605096817,2.0688953399658203
2.7464065961539745,2.1531124114990234
2.7638996317982674,2.229868173599243
2.78139266744256,2.2954869270324707
2.798885703086853,2.4675452709198
2.816378738731146,2.5337536334991455
2.8338717743754387,2.638545036315918
2.8513648100197315,2.7253475189208984
2.8688578456640244,2.9536588191986084
2.886350881308317,3.102644681930542
2.90384391695261,3.2455108165740967
2.921336952596903,3.447939872741699
2.9388299882411957,
2.9563230238854885,
2.9738160595297813,
2.991309095174074,
3.008802130818367,
3.02629516646266,
3.0437882021069527,
3.0612812377512455,
3.0787742733955383,
3.096267309039831,
3.113760344684124,
3.131253380328417,
3.1487464159727097,
3.1662394516170025,
3.1837324872612953,
3.201225522905588,
3.218718558549881,
3.236211594194174,
3.2537046298384666,
3.2711976654827595,
3.2886907011270523,
3.306183736771345,
3.323676772415638,
3.341169808059931,
3.3586628437042236,
3.3761558793485165,
3.3936489149928093,
3.411141950637102,
3.428634986281395,
3.446128021925688,
3.4636210575699806,
3.4811140932142735,3.4539458751678467
3.4986071288585663,3.2861039638519287
3.516100164502859,3.0297634601593018
3.533593200147152,2.8890280723571777
3.551086235791445,2.7997610569000244
3.5685792714357376,0.9902522563934326
3.5860723070800304,0.9590840339660645
3.6035653427243233,0.9306401014328003
3.621058378368616,0.8739625215530396
3.638551414012909,0.8168414831161499
3.6560444496572018,0.8099728226661682
3.6735374853014946,0.7957476377487183
3.6910305209457874,0.7529303431510925
3.7085235565900803,0.7512762546539307
3.726016592234373,0.7060786485671997
3.743509627878666,0.6999967694282532
3.7610026635229588,0.6579360961914062
3.7784956991672516,0.6608754396438599
3.7959887348115444,0.6357353925704956
3.8134817704558372,0.6255791187286377
3.83097480610013,0.6145274639129639
3.848467841744423,0.6066622734069824
3.8659608773887157,0.5846172571182251
3.8834539130330086,0.5697579383850098
3.9009469486773014,0.5667408108711243
3.9184399843215942,0.54835444688797
3.935933019965887,0.5383252501487732
3.95342605561018,0.5259978175163269
3.9709190912544727,0.5201414823532104
3.9884121268987656,0.5111687183380127
4.005905162543058,0.5100163221359253
4.023398198187351,0.5012427568435669
4.040891233831644,0.48585566878318787
4.058384269475937,0.47659340500831604
4.07587730512023,0.4904070496559143
4.0933703407645226,0.4499707818031311
4.110863376408815,0.455204039812088
4.128356412053108,0.4521200358867645
4.145849447697401,0.4748036861419678
4.163342483341694,0.4491216838359833
4.180835518985987,0.44189274311065674
4.1983285546302795,0.45229199528694153
4.215821590274572,0.4286561608314514
4.233314625918865,0.4170011878013611
4.250807661563158,0.41492584347724915
4.268300697207451,0.4178871214389801
4.285793732851744,0.40539655089378357
4.3032867684960365,0.4062715768814087
4.320779804140329,0.41393527388572693
4.338272839784622,0.3921584486961365
4.355765875428915,0.40982338786125183
4.373258911073208,0.389434814453125
4.390751946717501,0.3939313590526581
4.4082449823617935,0.39996588230133057
4.425738018006086,0.36841410398483276
4.443231053650379,0.3769710659980774
4.460724089294672,0.385165274143219
4.478217124938965,0.3847610056400299
4.495710160583258,0.39745980501174927
4.5132031962275505,0.3832434415817261
4.530696231871843,0.38095492124557495
4.548189267516136,0.37856799364089966
4.565682303160429,0.3691038489341736
4.583175338804722,0.37524276971817017
4.600668374449015,0.35977938771247864
4.6181614100933075,0.3909229040145874
4.6356544457376,0.35551226139068604
4.653147481381893,0.3795620799064636
4.670640517026186,0.3706956207752228
4.688133552670479,0.3714846968650818
4.705626588314772,0.3492254614830017
4.7231196239590645,0.3607940077781677
4.740612659603357,0.3557640612125397
4.75810569524765,0.352440744638443
4.775598730891943,0.34997496008872986
4.793091766536236,0.37371543049812317
4.810584802180529,0.3562851548194885
4.8280778378248215,0.34870120882987976
4.845570873469114,0.36464759707450867
4.863063909113407,0.3622404932975769
4.8805569447577,0.3696328401565552
4.898049980401993,0.35438865423202515
4.915543016046286,0.36294883489608765
4.9330360516905785,0.3725873827934265
4.950529087334871,0.37533217668533325
4.968022122979164,0.3535022437572479
4.985515158623457,0.37518200278282166
5.00300819426775,0.3934130370616913
5.020501229912043,0.3481387794017792
5.0379942655563354,0.38421452045440674
5.055487301200628,0.3805423378944397
5.072980336844921,0.39924514293670654
5.090473372489214,0.3902713358402252
5.107966408133507,0.39393630623817444
5.1254594437778,0.3981308043003082
5.142952479422092,0.37849724292755127
5.160445515066385,0.39962610602378845
5.177938550710678,0.39310792088508606
5.195431586354971,0.3957432210445404
5.212924621999264,0.3953065276145935
5.230417657643557,0.4026346802711487
5.247910693287849,0.41546040773391724
5.265403728932142,0.4197721481323242
5.282896764576435,0.4075814187526703
5.300389800220728,0.41723546385765076
5.317882835865021,0.4217197299003601
5.335375871509314,0.43961694836616516
5.352868907153606,0.44285619258880615
5.370361942797899,0.4488232433795929
5.387854978442192,0.4435146450996399
5.405348014086485,0.4437912106513977
5.422841049730778,0.457674115896225
5.440334085375071,0.4503975510597229
5.457827121019363,0.47937849164009094
5.475320156663656,0.47577333450317383
5.492813192307949,0.4820820987224579
5.510306227952242,0.48039260506629944
5.527799263596535,0.5015671849250793
5.545292299240828,0.4964105486869812
5.56278533488512,0.5236963033676147
5.580278370529413,0.5244489312171936
5.597771406173706,0.5118879675865173
5.615264441817999,0.5505836606025696
5.632757477462292,0.560646116733551
5.6502505131065845,0.5818977952003479
5.667743548750877,0.5825783014297485
5.68523658439517,0.5855081081390381
5.702729620039463,0.6193875670433044
5.720222655683756,0.6306322813034058
5.737715691328049,0.6523958444595337
5.7552087269723415,0.672088623046875
5.772701762616634,
5.790194798260927,
5.80768783390522,
5.825180869549513,
5.842673905193806,
5.8601669408380985,
5.877659976482391,
5.895153012126684,
5.912646047770977,
5.93013908341527,
5.947632119059563,
5.9651251547038555,
5.982618190348148,
6.000111225992441,
6.017604261636734,
6.035097297281027,
6.05259033292532,
6.0700833685696125,
6.087576404213905,
6.105069439858198,
6.122562475502491,
6.140055511146784,
6.157548546791077,
6.1750415824353695,
6.192534618079662,
6.210027653723955,
6.227520689368248,
6.245013725012541,
6.262506760656834,
6.2799997963011265,
